{
  "daily-notes": [
    {
      "modifiers": [
        "Mod"
      ],
      "key": "D"
    }
  ],
  "obsidian-tasks-plugin:edit-task": [
    {
      "modifiers": [
        "Mod"
      ],
      "key": "T"
    }
  ],
  "editor:delete-paragraph": [],
  "tag-pane:open": [],
  "quickadd:choice:ece700d0-671e-4fad-b099-c4cd6b386010": [
    {
      "modifiers": [
        "Alt"
      ],
      "key": "F"
    }
  ],
  "templater-obsidian:jump-to-next-cursor-location": [
    {
      "modifiers": [
        "Mod"
      ],
      "key": "Tab"
    }
  ]
}